num_servers,avg_processing_rate,total_gpus
8,2344.1839573991033,32
16,6221.215811924382,64
32,12300.640934692887,128
64,24576.75390907986,256
128,51666.160223082035,512
256,96549.90201069551,1024
512,175775.31689284224,2048
1024,282680.25627629535,4096
2048,107651.58348626131,8192
4096,47282.981675584866,16384
8192,21684.900915206726,32768
